Nombre	Descripción	URL
* ARTICULOS SIN REPOSICION		
ADRIEN LASTIC		
ADULTBODYART		
ALIVE		
ANAL FANTASY SERIES		
ANDROEXTENDER		
AVANUA		
B SWISH		
BACI LINGERIE		
BASIX		
BATHMATE		
BEDROOM COSTUMES		
BELGO-PRISM (ALL BLACK)		
BIG TEAZE TOYS		
BIJOUX COSMÉTIQUES		
BIJOUX INDISCRETS		
BLACK DIAMOND		
BREVIA		
CASMIR		
CERAMIX		
CLONA-WILLY		
CLONEBOY		
CLUB DIAMOND		
COBECO PHARMA		
CONTROL		CONTROL
CX GLIDE		
DE-NAMOUR	DE-NAMOUR	
DESPEDIDAS LOWCOST		
DREAMGIRL		
DREAMTOY		
DUREX		
EROGENS		
EROS		
EROS-ART		
EXCITE		
EXTASE SENSUAL		
FAIRY		
FEELZTOYS		
FEMARVI		
FETISH DIAMOND		
FETISH FANTASY ED.LIMITADA	FETISH FANTASY EDICIÓN LIMITADA	
FETISH FANTASY ELITE		
FETISH FANTASY EXTREME		FETISH FANTASY EXTREME
FETISH FANTASY SERIES	FETISH FANTASY SERIES	
FLESHJACK		
FLESHLIGHT		
FLESHLIGHT GIRLS		
FUNFACTORY		
FUNNY BOXERS		
GOODFELLAS		
GRIJALBO		
GRUPO PLANETA		
GYNOTEX		
ICICLES	ICICLES	
ID LUBRICANTES		
IRISCUP		
JESEXTENDER		
JOE SNYDER		
JOHNSON&JOHNSON		
JOYDIVISION		
KEY BY JOPEN		
KHEPER GAMES, INC.		
LAVETRA		
LAYLA	LAYLA	
LE REVE		LE REVE
LELO		
LES PETITS BONBONS		
LIVCO CORSETTI		
LOVE/CUBES		
LOVER´S CHOICE		
LOVER´S PREMIUM		
LUBRIX		
LUXE CONDOM		
LY-BAILE		
M&S LINGERIE		
MANBOUND		
MARC DORCEL		
MARCA BLANCA DREAMLOVE		
MASCARAS VENECIANAS		MASCARAS VENECIANAS
MENSTRUAL CUP		
MIA ISABELLA´S		
MINNA		
MOJO		
MORE A MORE		
MR. LIMPY		
MUSICLEGS		
NACHO VIDAL	NACHO VIDAL	
NMC TOYS		
NUEI COSMETICS		
ODECO		
OUCH		
PANASONIC		
PANTIES / GARTER		
PARIS HOLLYWOOD		
PASSION BASIC		
PASSION MEN		
PASSION WOMAN		
PICOBONG		PICOBONG
PINK DIAMOND		
PIPEDREAMS		
PJUR		
PLAYHOUSE		
PLUS SIZE		
POWER BULLET		
PRETTY LOVE		
PUMP WORX	PIPEDREAMS PUMP WORX	
PURE ALUMINIUM		
REAL FEEL		
RED DIAMOND		
ROCKS-OFF		
RUF		
SANINEX EUROPE		
SAUSAGE		
SCREAMING O		
SECRET PLAY		
SENSITIVE ÉVE		
SEVENCREATIONS		
SEX & MISCHIEF		
SEXAPPEAL BY DORCEL		
SEXINTHESHOWER		
SHOTS-TOYS		
SHOTSMEDIA		
SHUNGA		
SIN FIVE		
SPENCER&FLETWOOD LIMITED		SPENCER&FLETWOOD LIMITED
SPORTSHEETS		
SQWEEL		
SWEDE		
TEASE&PLEASE		
TENGA		
TENTACIONES		
TOPCO SALES	TOPCO SALES	
TOUCHE		
TOY-JOY		TOY JOY
TUTTO-SENSUAL		
UNILATEX		
UNISENS	PRESERVATIVOS	
VIBE THERAPHY		
VIBOKIT		
WATERGLIDE		
WE-VIBE		
WHITE DIAMOND		
